{
  "main.icevision_charge": {
    "sounds": [
      "icevision_charge"
    ],
    "category": "player"
  },
  "main.heat_vision_start_2": {
    "sounds": [
      "heat_vision_start_2"
    ],
    "category": "player"
  },
  "main.frost_breath_loop": {
    "sounds": [
      "frost_breath_loop"
    ],
    "category": "player"
  },
  "main.icevision": {
    "sounds": [
      "icevision"
    ],
    "category": "player"
  },
  "main.parasite": {
    "sounds": [
      "parasite"
    ],
    "category": "player"
  },
  "main.parasite2": {
    "sounds": [
      "parasite2"
    ],
    "category": "player"
  },
  "main.parasitedrain": {
    "sounds": [
      "parasitedrain"
    ],
    "category": "player"
  },
  "main.leap": {
    "sounds": [
      "leap"
    ],
    "category": "player"
  },
  "main.flashtime": {
    "sounds": [
      "flashtime"
    ],
    "category": "player"
  },
  "main.parasitedrainbegin": {
    "sounds": [
      "parasitedrainbegin"
    ],
    "category": "player"
  },
  "main.toughpunch": {
    "sounds": [
      "toughpunch"
    ],
    "category": "player"
  },
  "main.landing": {
    "sounds": [
      "landing"
    ],
    "category": "player"
  },
  "main.shoot": {
    "sounds": [
      "shoot"
    ],
    "category": "player"
  },
  "main.lasercharge": {
    "sounds": [
      "lasercharge"
    ],
    "category": "player"
  },
  "main.lasercharge2": {
    "sounds": [
      "lasercharge2"
    ],
    "category": "player"
  },
  "main.hammerhit": {
    "sounds": [
      "hammer_hit"
    ],
    "category": "player"
  },
  "main.hammercall": {
    "sounds": [
      "hammercall"
    ],
    "category": "player"
  },
  "main.heatbreath": {
    "sounds": [
      "heatbreath"
    ],
    "category": "player"
  },
  "main.heatbreathstart": {
    "sounds": [
      "heatbreathstart"
    ],
    "category": "player"
  },
  "main.heatbreathend": {
    "sounds": [
      "heatbreathend"
    ],
    "category": "player"
  },
  "main.jump": {
    "sounds": [
      "jump"
    ],
    "category": "player"
  },
  "main.hvshoot": {
    "sounds": [
      "hvshoot"
    ],
    "category": "player"
  },
  "main.onomo": {
    "sounds": [
      "onomo"
    ],
    "category": "player"
  },
  "main.onomo2": {
    "sounds": [
      "onomo2"
    ],
    "category": "player"
  },
  "main.bizarrohit": {
    "sounds": [
      "bizarrohit"
    ],
    "category": "player"
  },
  "main.bizarrosound": {
    "sounds": [
      "bizarrosound"
    ],
    "category": "player"
  },
  "main.supercharged": {
    "sounds": [
      "supercharged"
    ],
    "category": "player"
  },
  "main.bizarrotheme": {
    "sounds": [
      "bizarrotheme"
    ],
    "category": "player"
  },
  "main.thunderclap": {
    "sounds": [
      "thunderclap"
    ],
    "category": "player"
  },
  "main.sonicboom": {
    "sounds": [
      "sonicboom"
    ],
    "category": "player"
  },
  "main.hvcharge": {
    "sounds": [
      "hvcharge"
    ],
    "category": "player"
  },
  "main.breach": {
    "sounds": [
      "breach"
    ],
    "category": "player"
  }
}
